{"inputUnits":[34],"outputUnits":2,"inputs":{"0":{"dtype":"number","min":119.03757770701611,"max":784.4915723986198},"1":{"dtype":"number","min":161.33007227678706,"max":1052.8720092773438},"2":{"dtype":"number","min":153.35179013500886,"max":822.0652218829798},"3":{"dtype":"number","min":139.79545622948078,"max":1017.5110088897586},"4":{"dtype":"number","min":117.56502856540305,"max":791.71120728964},"5":{"dtype":"number","min":104.38448776067,"max":1017.0846866355332},"6":{"dtype":"number","min":220.80484709387156,"max":905.1965225160354},"7":{"dtype":"number","min":164.39682066208658,"max":987.3841353242036},"8":{"dtype":"number","min":155.96277615439567,"max":765.1898193359375},"9":{"dtype":"number","min":129.899358489634,"max":1008.072841065403},"10":{"dtype":"number","min":174.3209233265443,"max":870.0762345725925},"11":{"dtype":"number","min":264.53249445221303,"max":1113.0499528818093},"12":{"dtype":"number","min":220.61398636042372,"max":721.1928110085573},"13":{"dtype":"number","min":266.5011133572471,"max":1148.3515829242158},"14":{"dtype":"number","min":66.54056474856367,"max":846.2574441516447},"15":{"dtype":"number","min":389.31255830401113,"max":1349.2299096964678},"16":{"dtype":"number","min":159.3992970982414,"max":812.3377937287207},"17":{"dtype":"number","min":400.9461802916768,"max":1316.9571253112317},"18":{"dtype":"number","min":0.3378153403909323,"max":977.311781352596},"19":{"dtype":"number","min":448.0016638611077,"max":1436.0890889446096},"20":{"dtype":"number","min":45.78264674324009,"max":980.7118290407648},"21":{"dtype":"number","min":453.88422509575634,"max":1417.528750052248},"22":{"dtype":"number","min":178.00153105175445,"max":831.8254843389013},"23":{"dtype":"number","min":511.6103425378466,"max":1467.3836971535293},"24":{"dtype":"number","min":275.78128799854085,"max":903.6212553031714},"25":{"dtype":"number","min":511.881635495197,"max":1457.8207450896386},"26":{"dtype":"number","min":132.7178788834509,"max":798.2496643066406},"27":{"dtype":"number","min":680.1151308289761,"max":1762.8705926442424},"28":{"dtype":"number","min":241.440544870577,"max":794.6871532633147},"29":{"dtype":"number","min":680.196799192911,"max":1744.6491654095482},"30":{"dtype":"number","min":121.83802979465588,"max":853.6589626208354},"31":{"dtype":"number","min":802.9073805753359,"max":1889.47367864824},"32":{"dtype":"number","min":195.129110729648,"max":803.9658233998814},"33":{"dtype":"number","min":813.1791051723613,"max":1893.6277396947958}},"outputs":{"0":{"dtype":"string","min":0,"max":1,"uniqueValues":["correct","inner_thigh"],"legend":{"correct":[1,0],"inner_thigh":[0,1]}}},"isNormalized":true}