{"inputUnits":[34],"outputUnits":2,"inputs":{"0":{"dtype":"number","min":289.69329477748056,"max":381.41833353599225},"1":{"dtype":"number","min":9.877293211940668,"max":211.5053311952821},"2":{"dtype":"number","min":295.8270952395428,"max":381.6918090345331},"3":{"dtype":"number","min":-6.77847895640808,"max":205.42727459265564},"4":{"dtype":"number","min":280.45372157709147,"max":368.55575145914395},"5":{"dtype":"number","min":-0.5254865713156534,"max":199.67841834873542},"6":{"dtype":"number","min":308.5543455131323,"max":395.3487506079767},"7":{"dtype":"number","min":11.660099252188715,"max":204.81652404547668},"8":{"dtype":"number","min":264.4971843081226,"max":350.66550644455253},"9":{"dtype":"number","min":11.34098750607977,"max":205.16607262281127},"10":{"dtype":"number","min":332.1896659168288,"max":407.65450206712063},"11":{"dtype":"number","min":77.23310774866246,"max":240.0663834508755},"12":{"dtype":"number","min":248.16700738691634,"max":332.88074537937746},"13":{"dtype":"number","min":80.63351167315176,"max":244.6504894212062},"14":{"dtype":"number","min":354.8223188229572,"max":462.7471805082685},"15":{"dtype":"number","min":143.96547072592412,"max":275.72383420476655},"16":{"dtype":"number","min":231.57342458049612,"max":317.5874346425097},"17":{"dtype":"number","min":136.16668819917317,"max":271.5146978356031},"18":{"dtype":"number","min":356.88237171692606,"max":452.8596181906615},"19":{"dtype":"number","min":149.49325145914398,"max":278.9778772495136},"20":{"dtype":"number","min":222.92655262037937,"max":314.6108759423638},"21":{"dtype":"number","min":145.6634545233463,"max":421.92751398346303},"22":{"dtype":"number","min":324.7638390685798,"max":387.2520215223735},"23":{"dtype":"number","min":241.581765260214,"max":337.9978568822957},"24":{"dtype":"number","min":264.2288006140564,"max":335.5980590345331},"25":{"dtype":"number","min":241.3399805447471,"max":340.0654334873541},"26":{"dtype":"number","min":340.029030885214,"max":435.326483463035},"27":{"dtype":"number","min":343.84340041342415,"max":427.16800674854085},"28":{"dtype":"number","min":256.49824446741246,"max":348.34345361138134},"29":{"dtype":"number","min":339.5985074173152,"max":427.6374027237354},"30":{"dtype":"number","min":259.21523513497084,"max":433.4207046449416},"31":{"dtype":"number","min":420.33294321498056,"max":499.22650170233464},"32":{"dtype":"number","min":242.4856365515564,"max":419.20290460846303},"33":{"dtype":"number","min":416.85345482733464,"max":504.9288287329766}},"outputs":{"0":{"dtype":"string","min":0,"max":1,"uniqueValues":["i","c"],"legend":{"i":[1,0],"c":[0,1]}}},"isNormalized":true}